REAL,X,Y,NAME,GROSS,NET,WAKE_LOSS
0,1,1,en,10,5,0.7
0,1,2,to,11,5.5,0.772727272727273
0,2,1,tre,12,6,0.75
0,2,2,fire,13,6.5,0.807692307692308
1,1,1,en,20,10,0.6
1,1,2,to,19,9.5,0.657894736842105
1,2,1,tre,18,9,0.666666666666667
1,2,2,fire,17,8.5,0.735294117647059
2,1,1,en,1,0.5,0.5
2,1,2,to,2,1,0.5
2,2,1,tre,5,2.5,0.5
2,2,2,fire,4,2,0.5
3,1,1,en,100,50,0.52
3,1,2,to,200,100,0.515
3,2,1,tre,0,0,0
3,2,2,fire,50,25,0.58
